{
  "eye": {
    "orientation": [
      -0.03065870702266693,
      0.5095036029815674,
      -0.15088792145252228,
      -0.8465808033943176
    ],
    "magnitude": 0.5773502588272095,
    "position": [
      -511.45166015625,
      -122.28209686279297,
      288.90240478515625
    ]
  },
  "paths": [
    {
      "key": 1,
      "keyFrames": [{
        "orientation": [
          0.0208077784627676,
          0.3913535475730896,
          -0.06253109127283096,
          0.9178776144981384
        ],
        "magnitude": 0.5773502588272095,
        "position": [
          430.25384521484375,
          -52.4073371887207,
          414.8921203613281
        ],
        "time": 0
      }]
    },
    {
      "key": 2,
      "keyFrames": [{
        "orientation": [
          0.005495924968272448,
          0.8742377758026123,
          -0.07449992001056671,
          0.47971653938293457
        ],
        "magnitude": 0.5773502588272095,
        "position": [
          502.1822204589844,
          -81.44488525390625,
          -318.08831787109375
        ],
        "time": 0
      }]
    },
    {
      "key": 3,
      "keyFrames": [{
        "orientation": [
          -0.013881238177418709,
          0.9657002091407776,
          -0.15827102959156036,
          -0.20537947118282318
        ],
        "magnitude": 0.5773502588272095,
        "position": [
          -236.46554565429688,
          -186.085205078125,
          -519.0923461914062
        ],
        "time": 0
      }]
    },
    {
      "key": 4,
      "keyFrames": [{
        "orientation": [
          -0.030658705160021782,
          0.5095036029815674,
          -0.15088792145252228,
          -0.8465808033943176
        ],
        "magnitude": 0.5773502588272095,
        "position": [
          -511.45166015625,
          -122.28209686279297,
          288.90240478515625
        ],
        "time": 0
      }]
    }
  ],
  "ortho": false,
  "radius": 300,
  "visualHints": 0
}